NORAD_CAT_ID,OBJECT_NAME,EPOCH,INCLINATION,ECCENTRICITY,MEAN_MOTION,BSTAR,MANEUVER_LABEL
25544,ISS (ZARYA),2026-06-15 03:00:45.244503,51.63083931561298,0.0009043387221884293,15.466240003516472,5.1206179765378646e-05,0
25544,ISS (ZARYA),2026-06-15 09:00:45.244503,51.6306896874257,0.0008980321432056046,15.466451621980454,9.320371243505887e-05,0
25544,ISS (ZARYA),2026-06-15 15:00:45.244503,51.63024921666976,0.0008990859211259525,15.466722760447803,0.0001453591936538564,0
25544,ISS (ZARYA),2026-06-15 21:00:45.244503,51.63071019325823,0.0008954506047340254,15.466648059397563,8.405128818306915e-05,0
25544,ISS (ZARYA),2026-06-16 03:00:45.244503,51.62975809416307,0.0009012977221729359,15.466823986489832,4.181348937012424e-05,0
25544,ISS (ZARYA),2026-06-16 09:00:45.244503,51.63054918818276,0.0009163942479853065,15.467169720101406,8.569047531340082e-05,0
25544,ISS (ZARYA),2026-06-16 15:00:45.244503,51.63017801114929,0.0008987719478747715,15.467391811478441,8.484185183503507e-05,0
25544,ISS (ZARYA),2026-06-16 21:00:45.244503,51.6305483050887,0.0008787726703295353,15.46747841473559,0.0001267377242244568,0
25544,ISS (ZARYA),2026-06-17 03:00:45.244503,51.63066515225437,0.0008972130824115351,15.467620307238013,0.00015459569774890647,0
25544,ISS (ZARYA),2026-06-17 09:00:45.244503,51.63115391216281,0.0008740480268213586,15.467937134664886,4.087690920981068e-05,0
25544,ISS (ZARYA),2026-06-17 15:00:45.244503,51.629885373594156,0.0008887992278008398,15.468315380261059,0.00011046653993351085,0
25544,ISS (ZARYA),2026-06-17 21:00:45.244503,51.6311785848828,0.0008960062715300955,15.468419210825042,6.075534380820747e-06,0
25544,ISS (ZARYA),2026-06-18 03:00:45.244503,51.630984992122414,0.0008728407831483593,15.468490935398865,6.587369530344856e-05,0
25544,ISS (ZARYA),2026-06-18 09:00:45.244503,51.63056240690272,0.0008884772696241503,15.468646918774448,-5.274424032068445e-05,0
25544,ISS (ZARYA),2026-06-18 15:00:45.244503,51.63015344100198,0.0008736399037909075,15.469023291452718,5.021370670667834e-05,0
25544,ISS (ZARYA),2026-06-18 21:00:45.244503,51.63079676919034,0.0008704576087370845,15.4691668302883,0.00010616439454490793,0
25544,ISS (ZARYA),2026-06-19 03:00:45.244503,51.6306209602229,0.0008752903284479758,15.469242436165706,0.00010779048242320747,0
25544,ISS (ZARYA),2026-06-19 09:00:45.244503,51.63077554890685,0.0008735686498870204,15.46956734423273,4.569885254039053e-05,0
25544,ISS (ZARYA),2026-06-19 15:00:45.244503,51.630970281757634,0.0008715537771093403,15.469666065510733,9.97505843032275e-05,0
25544,ISS (ZARYA),2026-06-19 21:00:45.244503,51.63070731162233,0.0008697040628083834,15.469989918974006,6.526165064818513e-05,0
25544,ISS (ZARYA),2026-06-20 03:00:45.244503,51.630113354352105,0.0008762871188287257,15.470186739946081,0.00013674739923305837,0
25544,ISS (ZARYA),2026-06-20 09:00:45.244503,51.63112107129954,0.0008699593841100258,15.47032928909632,8.66649475894102e-05,0
25544,ISS (ZARYA),2026-06-20 15:00:45.244503,51.63171039334001,0.0008899727397255248,15.470430539198546,8.758001257933108e-05,0
25544,ISS (ZARYA),2026-06-20 21:00:45.244503,51.6299520977899,0.0008494558799216534,15.470894625438795,7.915600283099084e-05,0
25544,ISS (ZARYA),2026-06-21 03:00:45.244503,51.63025249670993,0.0008489627156248065,15.471001063259097,0.00018342505329025245,0
25544,ISS (ZARYA),2026-06-21 09:00:45.244503,51.630664491313986,0.0008551606440604396,15.471180887492503,7.10095172240113e-05,0
25544,ISS (ZARYA),2026-06-21 15:00:45.244503,51.6304115773796,0.0008722332683968264,15.47143146119998,0.00012640685442508577,0
25544,ISS (ZARYA),2026-06-21 21:00:45.244503,51.63093964613896,0.0008492681109938139,15.471507944799866,0.00013800546790579112,0
25544,ISS (ZARYA),2026-06-22 03:00:45.244503,51.63042656990305,0.0008633525506337308,15.471705930885648,0.00012288132690331201,0
25544,ISS (ZARYA),2026-06-22 09:00:45.244503,51.629929748716684,0.0008543516324129736,15.471858237419388,3.06433906702477e-05,0
25544,ISS (ZARYA),2026-06-22 15:00:45.244503,51.62957004081039,0.0008380149440671715,15.472294963477907,-3.3892311052596434e-05,0
25544,ISS (ZARYA),2026-06-22 21:00:45.244503,51.63008416610204,0.0008359815904222916,15.472334643503904,0.00016018211832498523,0
25544,ISS (ZARYA),2026-06-23 03:00:45.244503,51.63062521039976,0.0008428205365274033,15.472584891817673,0.00016327144661590337,0
25544,ISS (ZARYA),2026-06-23 09:00:45.244503,51.630109325108556,0.0008319008777494702,15.472700625757994,1.1473162628387607e-05,0
25544,ISS (ZARYA),2026-06-23 15:00:45.244503,51.62971182584551,0.00085128038487592,15.472761390717208,9.296669996221538e-05,0
25544,ISS (ZARYA),2026-06-23 21:00:45.244503,51.630868090956106,0.0008495047022315399,15.473159001619825,0.00017136561519586236,0
25544,ISS (ZARYA),2026-06-24 03:00:45.244503,51.630638699814,0.0008313254768405143,15.473268644942134,3.947458303720097e-05,0
25544,ISS (ZARYA),2026-06-24 09:00:45.244503,51.63108887468771,0.0008216635237628841,15.473742142663268,0.000130440204286717,0
25544,ISS (ZARYA),2026-06-24 15:00:45.244503,51.631164810700945,0.0008164018217291567,15.473780656364914,0.00017100993503844133,0
25544,ISS (ZARYA),2026-06-24 21:00:45.244503,51.63011202667384,0.0008324403560388028,15.474031036982863,9.41477668415596e-05,0
25544,ISS (ZARYA),2026-06-25 03:00:45.244503,51.62994675724665,0.0008556915734230079,15.474148622086762,6.272669869162578e-05,0
25544,ISS (ZARYA),2026-06-25 09:00:45.244503,51.63057701824658,0.0008257786019434203,15.474439724402938,0.00017668622466828054,0
25544,ISS (ZARYA),2026-06-25 15:00:45.244503,51.630935180792804,0.0008452074247540355,15.474632066117142,-4.552753780934202e-06,0
25544,ISS (ZARYA),2026-06-25 21:00:45.244503,51.63103118139681,0.0008101435832554292,15.47477763421042,7.151522301851621e-05,0
25544,ISS (ZARYA),2026-06-26 03:00:45.244503,51.63085158252686,0.0008058223183555394,15.475061703841002,9.5851836418338e-05,0
25544,ISS (ZARYA),2026-06-26 09:00:45.244503,51.63038468419779,0.0008163305333983743,15.475186209668678,3.904585874776456e-05,0
25544,ISS (ZARYA),2026-06-26 15:00:45.244503,51.6305581377475,0.0008365436488138511,15.475362675905096,2.5911741311010403e-05,0
25544,ISS (ZARYA),2026-06-26 21:00:45.244503,51.630816677217894,0.0008187520553641683,15.475548264716855,0.00013944280068933765,0
25544,ISS (ZARYA),2026-06-27 03:00:45.244503,51.630758791451406,0.0008097023714733276,15.47574761869322,9.237433282993551e-05,0
25544,ISS (ZARYA),2026-06-27 09:00:45.244503,51.63049775039469,0.0007999237863907193,15.47589888581259,0.00014179292458683254,0
25544,ISS (ZARYA),2026-06-27 15:00:45.244503,51.63043094153452,0.0008227644174149207,15.476376820870009,0.0001021152733028294,0
25544,ISS (ZARYA),2026-06-27 21:00:45.244503,51.631453803731304,0.0008053591070919309,15.47632676900653,5.20374816289094e-05,0
25544,ISS (ZARYA),2026-06-28 03:00:45.244503,51.63086608170484,0.0008177485437812686,15.476533291183191,6.390422587594175e-05,0
25544,ISS (ZARYA),2026-06-28 09:00:45.244503,51.63052982981556,0.0007909460672009817,15.476636714190692,3.3770202788857115e-05,0
25544,ISS (ZARYA),2026-06-28 15:00:45.244503,51.63127745772213,0.0007825043299989466,15.476985786290474,8.365438267698615e-05,0
25544,ISS (ZARYA),2026-06-28 21:00:45.244503,51.6301901600328,0.0007996360992760728,15.477122287977489,-7.601220840561181e-06,0
25544,ISS (ZARYA),2026-06-29 03:00:45.244503,51.63051304830207,0.0007825456415404161,15.427348860077517,0.00010604671653937297,1
25544,ISS (ZARYA),2026-06-29 09:00:45.244503,51.63055630086208,0.000790419625214908,15.427447542200834,2.3794279332780318e-05,1
25544,ISS (ZARYA),2026-06-29 15:00:45.244503,51.6307273016925,0.0007938297886484684,15.427914351733476,-7.268289363331609e-05,1
25544,ISS (ZARYA),2026-06-29 21:00:45.244503,51.629634933348484,0.0007789461147764868,15.42793002284838,7.882803247178722e-05,1
25544,ISS (ZARYA),2026-06-30 03:00:45.244503,51.63099237577104,0.0007939174143885441,15.428164912144846,0.00016645834011932991,1
25544,ISS (ZARYA),2026-06-30 09:00:45.244503,51.63010946534524,0.0007760221769590704,15.428448746458898,0.0001270917434009616,1
25544,ISS (ZARYA),2026-06-30 15:00:45.244503,51.63080328703957,0.0007896918098750799,15.428627415709142,2.2342366289345572e-05,1
25544,ISS (ZARYA),2026-06-30 21:00:45.244503,51.631025026067654,0.0007912003871086907,15.478870122158813,4.795296768477575e-05,0
25544,ISS (ZARYA),2026-07-01 03:00:45.244503,51.630447408724486,0.0007737582768783111,15.478967080198046,1.7312933684074987e-05,0
25544,ISS (ZARYA),2026-07-01 09:00:45.244503,51.6311139705142,0.0007706007975378125,15.479079982926814,0.00016447511553969405,0
25544,ISS (ZARYA),2026-07-01 15:00:45.244503,51.629920163131075,0.0007774416840031996,15.479431130091083,4.952002857906423e-05,0
25544,ISS (ZARYA),2026-07-01 21:00:45.244503,51.63017515517538,0.0007919101587430753,15.479607962088059,1.9079512270306698e-05,0
25544,ISS (ZARYA),2026-07-02 03:00:45.244503,51.62994121346483,0.0007754119185300981,15.479775336564634,0.00014528988246395575,0
25544,ISS (ZARYA),2026-07-02 09:00:45.244503,51.63064801642048,0.0007792870564995834,15.47996227779829,7.141823131539101e-05,0
25544,ISS (ZARYA),2026-07-02 15:00:45.244503,51.63083546324821,0.0007698112316087758,15.480215798398868,0.00010265162092567493,0
25544,ISS (ZARYA),2026-07-02 21:00:45.244503,51.62962140890315,0.0007752784959738602,15.480440497509612,5.820176679088375e-05,0
25544,ISS (ZARYA),2026-07-03 03:00:45.244503,51.6310724329773,0.0007720066132682707,15.480720383929924,0.00013129547133528533,0
25544,ISS (ZARYA),2026-07-03 09:00:45.244503,51.630849626490814,0.0007654494871803611,15.480863574218068,7.418924180195861e-06,0
25544,ISS (ZARYA),2026-07-03 15:00:45.244503,51.63049503338705,0.0007670654075469667,15.481088524809811,9.43870310326181e-05,0
25544,ISS (ZARYA),2026-07-03 21:00:45.244503,51.63029783126762,0.0007557168363265921,15.481179159734461,6.206425223967071e-05,0
25544,ISS (ZARYA),2026-07-04 03:00:45.244503,51.63065221780377,0.0007751528143002326,15.481243057322319,6.869745307225175e-06,0
25544,ISS (ZARYA),2026-07-04 09:00:45.244503,51.63019077079509,0.0007407687395707037,15.481571943729904,0.00016265904113535072,0
25544,ISS (ZARYA),2026-07-04 15:00:45.244503,51.63051456545271,0.0007488139391052822,15.481838883116767,6.371107398670245e-05,0
25544,ISS (ZARYA),2026-07-04 21:00:45.244503,51.631566938473426,0.000741057750528581,15.481896743089997,9.821608004182385e-05,0
25544,ISS (ZARYA),2026-07-05 03:00:45.244503,51.63079882617235,0.0007435647554584791,15.482163415206744,0.0001526336863717255,0
25544,ISS (ZARYA),2026-07-05 09:00:45.244503,51.6312918884644,0.0007539301589994516,15.482459125307662,8.330899202772929e-05,0
25544,ISS (ZARYA),2026-07-05 15:00:45.244503,51.63120474010384,0.0007461143433673332,15.482728110436824,0.00013211784177852515,0
25544,ISS (ZARYA),2026-07-05 21:00:45.244503,51.63008943665071,0.0007489279645220229,15.4826575335844,7.386211636222905e-05,0
25544,ISS (ZARYA),2026-07-06 03:00:45.244503,51.63037351495336,0.000749718040837326,15.48293153726214,0.00015174661813623016,0
25544,ISS (ZARYA),2026-07-06 09:00:45.244503,51.62999509723884,0.0007520326440137999,15.483205972809646,5.736602341249891e-05,0
25544,ISS (ZARYA),2026-07-06 15:00:45.244503,51.631163145320556,0.0007403549098012975,15.48338333899995,-4.1730621682416127e-07,0
25544,ISS (ZARYA),2026-07-06 21:00:45.244503,51.630669680455526,0.0007299017848748936,15.483557770998267,0.00017791319419189697,0
25544,ISS (ZARYA),2026-07-07 03:00:45.244503,51.63035247081477,0.0007294643692495865,15.483793780016079,7.117736935455482e-05,0
25544,ISS (ZARYA),2026-07-07 09:00:45.244503,51.629787348175356,0.0007555645113053113,15.483990434414629,9.065741777302717e-05,0
25544,ISS (ZARYA),2026-07-07 15:00:45.244503,51.63039617220498,0.0007283018937975888,15.484161093993833,7.553193510124228e-05,0
25544,ISS (ZARYA),2026-07-07 21:00:45.244503,51.6308278954869,0.0007150140169050698,15.48449349529331,4.570713143271548e-05,0
25544,ISS (ZARYA),2026-07-08 03:00:45.244503,51.63099725825544,0.0007297328204127419,15.484672909823386,7.241164924869355e-05,0
25544,ISS (ZARYA),2026-07-08 09:00:45.244503,51.631587780563905,0.0007331700669272407,15.484901557259315,6.94140981088363e-05,0
25544,ISS (ZARYA),2026-07-08 15:00:45.244503,51.63030562089593,0.0007187031418599205,15.48501360681793,7.934124457397273e-05,0
25544,ISS (ZARYA),2026-07-08 21:00:45.244503,51.63003724150892,0.0007110303353670565,15.485218011359901,6.840353024226801e-05,0
25544,ISS (ZARYA),2026-07-09 03:00:45.244503,51.6306572673183,0.000716018617879948,15.485570899292004,0.00013485538549709843,0
25544,ISS (ZARYA),2026-07-09 09:00:45.244503,51.630094870605745,0.0007220817722516043,15.485643137975913,6.048105930735847e-05,0
25544,ISS (ZARYA),2026-07-09 15:00:45.244503,51.63092885399883,0.0007178747409024465,15.485879699694475,0.000178573408284152,0
25544,ISS (ZARYA),2026-07-09 21:00:45.244503,51.63170036132495,0.0007233963422560003,15.486093914950171,7.703028646497266e-05,0
25544,ISS (ZARYA),2026-07-10 03:00:45.244503,51.630715151365294,0.0007049563821996739,15.48606407625676,-1.3537766046221197e-05,0
25544,ISS (ZARYA),2026-07-10 09:00:45.244503,51.63037634650391,0.0007100892637235807,15.48655744925559,6.77502932029532e-05,0
25544,ISS (ZARYA),2026-07-10 15:00:45.244503,51.63032480020612,0.00068952701017351,15.48658925574701,5.6811280804069554e-05,0
25544,ISS (ZARYA),2026-07-10 21:00:45.244503,51.63115185007021,0.0006960331614498384,15.486802516443925,2.2621408054876e-05,0
25544,ISS (ZARYA),2026-07-11 03:00:45.244503,51.631121127571674,0.0006930801074455753,15.487166585644948,5.29272585183809e-05,0
25544,ISS (ZARYA),2026-07-11 09:00:45.244503,51.630282042045486,0.000704163347883389,15.487327307628144,6.351936455620319e-05,0
25544,ISS (ZARYA),2026-07-11 15:00:45.244503,51.630532378286,0.0007140927297678906,15.487316548152263,8.04050815968226e-05,0
25544,ISS (ZARYA),2026-07-11 21:00:45.244503,51.63032728722037,0.0006718248444448967,15.487685852608843,0.00011430495667366995,0
25544,ISS (ZARYA),2026-07-12 03:00:45.244503,51.630042672022114,0.0006737772146275539,15.487965125249437,9.4256266549043e-05,0
25544,ISS (ZARYA),2026-07-12 09:00:45.244503,51.63024048475193,0.0006791151533190325,15.488084848019884,0.0001229875770751208,0
25544,ISS (ZARYA),2026-07-12 15:00:45.244503,51.62996123199261,0.0007065159412043304,15.488416450660218,0.0001334926146384188,0
25544,ISS (ZARYA),2026-07-12 21:00:45.244503,51.62980611525843,0.0006917448900364344,15.488587463906306,6.484372914636467e-05,0
25544,ISS (ZARYA),2026-07-13 03:00:45.244503,51.63013588318514,0.0006903146464145715,15.48861974355208,7.494149714719357e-05,0
25544,ISS (ZARYA),2026-07-13 09:00:45.244503,51.63086330046658,0.0006647400442794399,15.488830221116656,4.20065595926822e-06,0
25544,ISS (ZARYA),2026-07-13 15:00:45.244503,51.6298374109032,0.0006861360663190676,15.489104415294067,0.00011413379106055483,0
25544,ISS (ZARYA),2026-07-13 21:00:45.244503,51.63123095465373,0.0006920342671103494,15.48914644396183,6.36444765156324e-05,0
25544,ISS (ZARYA),2026-07-14 03:00:45.244503,51.63010129236545,0.0006730892431865379,15.489656502565802,4.696966047841186e-05,0
25544,ISS (ZARYA),2026-07-14 09:00:45.244503,51.63105276018837,0.0006686969879032288,15.489763044584413,1.861912736840023e-05,0
25544,ISS (ZARYA),2026-07-14 15:00:45.244503,51.63081357501383,0.0006754151716396933,15.490023718618465,7.351828927849009e-05,0
25544,ISS (ZARYA),2026-07-14 21:00:45.244503,51.62922389325518,0.0006672735027360985,15.490094611209917,3.658134762497135e-05,0
39166,NAVSTAR 68 (USA 242),2026-06-15 03:00:45.244503,54.482598167390634,0.014145389067149941,2.005678524879657,-4.924693720551893e-05,0
39166,NAVSTAR 68 (USA 242),2026-06-15 09:00:45.244503,54.483417293850025,0.01413056690734229,2.0055719520871724,1.0292939261742064e-05,0
39166,NAVSTAR 68 (USA 242),2026-06-15 15:00:45.244503,54.4835638022224,0.01414691392887344,2.0056074654905807,0.00012778450403083414,0
39166,NAVSTAR 68 (USA 242),2026-06-15 21:00:45.244503,54.483420029378564,0.014136030563082266,2.005539726710236,-3.949811437776775e-05,0
39166,NAVSTAR 68 (USA 242),2026-06-16 03:00:45.244503,54.48313336350635,0.014134633367810519,2.005654551073278,-2.3303678494315314e-05,0
39166,NAVSTAR 68 (USA 242),2026-06-16 09:00:45.244503,54.48370262490393,0.01414909606912432,2.0057615762041676,-8.225594898592599e-05,0
39166,NAVSTAR 68 (USA 242),2026-06-16 15:00:45.244503,54.4828505674127,0.014157134654503046,2.005683401801507,1.4072183051604661e-05,0
39166,NAVSTAR 68 (USA 242),2026-06-16 21:00:45.244503,54.48277747318916,0.01413568915245753,2.005561590001171,4.710844683237626e-05,0
39166,NAVSTAR 68 (USA 242),2026-06-17 03:00:45.244503,54.483460643451735,0.014144858263135017,2.005624664479724,-1.5634995483843463e-05,0
39166,NAVSTAR 68 (USA 242),2026-06-17 09:00:45.244503,54.48316176234706,0.014146154584127525,2.005445119679646,3.786541916618596e-05,0
39166,NAVSTAR 68 (USA 242),2026-06-17 15:00:45.244503,54.48318844583976,0.014148832601216965,2.0057664778805115,-1.8856616219908888e-05,0
39166,NAVSTAR 68 (USA 242),2026-06-17 21:00:45.244503,54.483380638763784,0.014146385111835568,2.005634148894349,5.090374504883705e-05,0
39166,NAVSTAR 68 (USA 242),2026-06-18 03:00:45.244503,54.482884109217856,0.014149494838050296,2.0055711282149566,-2.5779562891367952e-05,0
39166,NAVSTAR 68 (USA 242),2026-06-18 09:00:45.244503,54.48322438486147,0.014116296045003461,2.0056696268756595,-6.344872908365192e-05,0
39166,NAVSTAR 68 (USA 242),2026-06-18 15:00:45.244503,54.48299680837695,0.014136843520740322,2.0055359378330757,3.659593329899314e-05,0
39166,NAVSTAR 68 (USA 242),2026-06-18 21:00:45.244503,54.4831269195425,0.01413442996950346,2.0055727030946238,-6.691874903094702e-05,0
39166,NAVSTAR 68 (USA 242),2026-06-19 03:00:45.244503,54.483569304170985,0.014139277817582828,2.005626362780822,-2.483613708449057e-05,0
39166,NAVSTAR 68 (USA 242),2026-06-19 09:00:45.244503,54.48271923423115,0.014146412421864483,2.0056699154568336,-4.940616958172215e-06,0
39166,NAVSTAR 68 (USA 242),2026-06-19 15:00:45.244503,54.482563476914024,0.014142943297400394,2.0055968131012505,-2.3009559378509007e-05,0
39166,NAVSTAR 68 (USA 242),2026-06-19 21:00:45.244503,54.48349887074349,0.014129770229802448,2.0053518790868856,2.76896492565712e-05,0
39166,NAVSTAR 68 (USA 242),2026-06-20 03:00:45.244503,54.483299563922024,0.014157617698410402,2.00557662659691,-1.8017465921594014e-05,0
39166,NAVSTAR 68 (USA 242),2026-06-20 09:00:45.244503,54.483831652100974,0.014140921237622837,2.0057277175896515,5.1263206064524704e-05,0
39166,NAVSTAR 68 (USA 242),2026-06-20 15:00:45.244503,54.48370051096687,0.014139527104573182,2.0055521741545523,-8.222359547100168e-05,0
39166,NAVSTAR 68 (USA 242),2026-06-20 21:00:45.244503,54.482943767830015,0.014128711990598482,2.0055532120569293,2.064353411980235e-05,0
39166,NAVSTAR 68 (USA 242),2026-06-21 03:00:45.244503,54.48260518629257,0.01413308546200567,2.005581642148455,-1.4861333071829705e-05,0
39166,NAVSTAR 68 (USA 242),2026-06-21 09:00:45.244503,54.48326575877844,0.014127649756302728,2.0055716978864386,5.4521857619721266e-06,0
39166,NAVSTAR 68 (USA 242),2026-06-21 15:00:45.244503,54.48437224245966,0.014117716590436414,2.005548391659248,-4.245410182160442e-05,0
39166,NAVSTAR 68 (USA 242),2026-06-21 21:00:45.244503,54.482667418728816,0.0141365762057796,2.0055777183297736,0.00011272358269126648,0
39166,NAVSTAR 68 (USA 242),2026-06-22 03:00:45.244503,54.48330865978931,0.014142287956899252,2.0055725080874898,4.116915203753463e-05,0
39166,NAVSTAR 68 (USA 242),2026-06-22 09:00:45.244503,54.48317478948243,0.014145351924532309,2.005622076936177,-2.3059164525482997e-05,0
39166,NAVSTAR 68 (USA 242),2026-06-22 15:00:45.244503,54.482859481493435,0.014130276233461005,2.0056549007433193,4.826549745358033e-05,0
39166,NAVSTAR 68 (USA 242),2026-06-22 21:00:45.244503,54.48240858916123,0.014147572930539594,2.0056968806236526,-2.2962545197566466e-05,0
39166,NAVSTAR 68 (USA 242),2026-06-23 03:00:45.244503,54.48272402028115,0.014143003644621104,2.005617054987996,-1.1119977217406551e-05,0
39166,NAVSTAR 68 (USA 242),2026-06-23 09:00:45.244503,54.48317251042811,0.014141830284692965,2.0055577392731645,1.6346551444791542e-05,0
39166,NAVSTAR 68 (USA 242),2026-06-23 15:00:45.244503,54.482865011341126,0.014154220816513062,2.005594312484537,3.0594625325336677e-05,0
39166,NAVSTAR 68 (USA 242),2026-06-23 21:00:45.244503,54.48335681127608,0.01413840498818149,2.0056790290562962,7.311379243440598e-05,0
39166,NAVSTAR 68 (USA 242),2026-06-24 03:00:45.244503,54.482777632444844,0.014145225290433246,2.0057391723935174,-5.7759761998575045e-05,0
39166,NAVSTAR 68 (USA 242),2026-06-24 09:00:45.244503,54.482812393290324,0.014132893284878307,2.0055380128843563,-3.065616218516162e-05,0
39166,NAVSTAR 68 (USA 242),2026-06-24 15:00:45.244503,54.48297325475957,0.014149001530691704,2.0053920977905717,-6.118554183518163e-05,0
39166,NAVSTAR 68 (USA 242),2026-06-24 21:00:45.244503,54.482852355443875,0.014128046292528857,2.005588666768519,2.0439473303526385e-05,0
39166,NAVSTAR 68 (USA 242),2026-06-25 03:00:45.244503,54.48396298670478,0.014136463840162301,2.0055941286779726,-5.9365479219903294e-05,0
39166,NAVSTAR 68 (USA 242),2026-06-25 09:00:45.244503,54.484199369903365,0.014131069665229782,2.005434923925567,7.479461702288252e-05,0
39166,NAVSTAR 68 (USA 242),2026-06-25 15:00:45.244503,54.4831132888025,0.014130996457315545,2.0056547494796724,9.874090857674636e-05,0
39166,NAVSTAR 68 (USA 242),2026-06-25 21:00:45.244503,54.4837070748048,0.014144915863884576,2.0056222900769796,-3.46053272059473e-05,0
39166,NAVSTAR 68 (USA 242),2026-06-26 03:00:45.244503,54.4838049152238,0.014138785845684601,2.0056174844625954,-2.4960657165643827e-05,0
39166,NAVSTAR 68 (USA 242),2026-06-26 09:00:45.244503,54.48303223747739,0.014128180317409875,2.005434468721307,5.754493040758246e-05,0
39166,NAVSTAR 68 (USA 242),2026-06-26 15:00:45.244503,54.483506371534304,0.014133927369308347,2.0057768557184645,1.5108726646757256e-06,0
39166,NAVSTAR 68 (USA 242),2026-06-26 21:00:45.244503,54.48298619984648,0.014153145196705451,2.005541014064736,-9.557757753393657e-06,0
39166,NAVSTAR 68 (USA 242),2026-06-27 03:00:45.244503,54.48260243747414,0.014140250103793935,2.0056357810727232,-8.28006558949457e-06,0
39166,NAVSTAR 68 (USA 242),2026-06-27 09:00:45.244503,54.48261881812317,0.01412714871168095,2.005679114284228,-4.0303563011566706e-05,0
39166,NAVSTAR 68 (USA 242),2026-06-27 15:00:45.244503,54.484047377117456,0.01415769759395887,2.005700998053732,-2.4817916268891496e-05,0
39166,NAVSTAR 68 (USA 242),2026-06-27 21:00:45.244503,54.48259428625195,0.014129265960206366,2.0055701398289583,-5.2808650896986334e-05,0
39166,NAVSTAR 68 (USA 242),2026-06-28 03:00:45.244503,54.483151650196184,0.014159075704236527,2.0054071317117454,-1.608060922262077e-05,0
39166,NAVSTAR 68 (USA 242),2026-06-28 09:00:45.244503,54.482779973509956,0.01414022546135117,2.0053846537072886,7.394174530121393e-06,0
39166,NAVSTAR 68 (USA 242),2026-06-28 15:00:45.244503,54.483654358528284,0.014142929067773143,2.005765843000371,4.145591950003082e-05,0
39166,NAVSTAR 68 (USA 242),2026-06-28 21:00:45.244503,54.48334944562034,0.014134862697762807,2.0057707771448996,-7.758548631172296e-05,0
39166,NAVSTAR 68 (USA 242),2026-06-29 03:00:45.244503,54.48312561332296,0.014146202870293396,2.0057328200950084,3.198289828400014e-05,0
39166,NAVSTAR 68 (USA 242),2026-06-29 09:00:45.244503,54.48290871721747,0.014155000346516849,2.0055033110441647,6.217283395233194e-05,0
39166,NAVSTAR 68 (USA 242),2026-06-29 15:00:45.244503,54.48303123901153,0.014134525173850561,2.005626598396176,0.0001078004135984457,0
39166,NAVSTAR 68 (USA 242),2026-06-29 21:00:45.244503,54.48331188539461,0.014133977493014096,2.0056858617672213,-9.264262284588718e-06,0
39166,NAVSTAR 68 (USA 242),2026-06-30 03:00:45.244503,54.48242359588496,0.014138624418724996,2.0056851745790056,7.907151666378347e-05,0
39166,NAVSTAR 68 (USA 242),2026-06-30 09:00:45.244503,54.48349451508768,0.014137396419271786,2.0058798591659106,1.9661357426592284e-05,0
39166,NAVSTAR 68 (USA 242),2026-06-30 15:00:45.244503,54.48302245990875,0.014158938022165812,2.0055291123057186,-1.1615430600271273e-05,0
39166,NAVSTAR 68 (USA 242),2026-06-30 21:00:45.244503,54.48341550804099,0.014138038289069503,2.0056030825606475,5.455116715833576e-05,0
39166,NAVSTAR 68 (USA 242),2026-07-01 03:00:45.244503,54.48321278433631,0.014140919062650869,2.0056959930902036,2.2597861414021467e-05,0
39166,NAVSTAR 68 (USA 242),2026-07-01 09:00:45.244503,54.482547651738706,0.01413237406433729,2.005797241115148,1.5894864107092196e-05,0
39166,NAVSTAR 68 (USA 242),2026-07-01 15:00:45.244503,54.48327237675656,0.014135227086213127,2.005794401985448,2.106291354649193e-05,0
39166,NAVSTAR 68 (USA 242),2026-07-01 21:00:45.244503,54.48323825840228,0.014134587611200334,2.0055852733093955,-2.3170334320093816e-05,0
39166,NAVSTAR 68 (USA 242),2026-07-02 03:00:45.244503,54.48394276542709,0.014125710894307445,2.0057139860244457,0.00010225645390860439,0
39166,NAVSTAR 68 (USA 242),2026-07-02 09:00:45.244503,54.483838036870054,0.014150329869571373,2.0057120041380916,4.0467289172046704e-05,0
39166,NAVSTAR 68 (USA 242),2026-07-02 15:00:45.244503,54.48328867234784,0.014133398079678705,2.005547305134285,-2.7026752140712575e-05,0
39166,NAVSTAR 68 (USA 242),2026-07-02 21:00:45.244503,54.48394529322349,0.014137330702101429,2.0055460524626394,4.757627634597112e-05,0
39166,NAVSTAR 68 (USA 242),2026-07-03 03:00:45.244503,54.482797415318245,0.014125543636418464,2.0056263145752506,-9.759055498863776e-05,0
39166,NAVSTAR 68 (USA 242),2026-07-03 09:00:45.244503,54.483847808242324,0.014126954197321316,2.005495341691123,-2.0204149602340053e-05,0
39166,NAVSTAR 68 (USA 242),2026-07-03 15:00:45.244503,54.4831253010814,0.014136842404398877,2.0056222389825185,-4.935192112256099e-05,0
39166,NAVSTAR 68 (USA 242),2026-07-03 21:00:45.244503,54.48247037073499,0.014123496198985869,2.005613316683683,7.349825718312523e-05,0
39166,NAVSTAR 68 (USA 242),2026-07-04 03:00:45.244503,54.48334964743361,0.014128362706214488,2.0057611320836166,0.00011926101708067931,0
39166,NAVSTAR 68 (USA 242),2026-07-04 09:00:45.244503,54.482953304147216,0.014132954673721112,2.0057035828167673,7.118613308277789e-05,0
39166,NAVSTAR 68 (USA 242),2026-07-04 15:00:45.244503,54.4828137493157,0.014129253463907658,2.00561283795135,2.7298365479464284e-05,0
39166,NAVSTAR 68 (USA 242),2026-07-04 21:00:45.244503,54.48293071976008,0.01413268942206326,2.0055970555114473,3.588147356909836e-05,0
39166,NAVSTAR 68 (USA 242),2026-07-05 03:00:45.244503,54.48310709700872,0.014130134513575553,2.0057357576976007,-3.8906790679164635e-05,0
39166,NAVSTAR 68 (USA 242),2026-07-05 09:00:45.244503,54.48389864648018,0.014132612593916525,2.0055874726064107,3.669075441142392e-05,0
39166,NAVSTAR 68 (USA 242),2026-07-05 15:00:45.244503,54.482694875506205,0.014143147477115883,2.0056590549737505,-8.624080157872021e-06,0
39166,NAVSTAR 68 (USA 242),2026-07-05 21:00:45.244503,54.48330006949762,0.01413404113754352,2.0055958144349266,9.370018845996497e-06,0
39166,NAVSTAR 68 (USA 242),2026-07-06 03:00:45.244503,54.48289135428711,0.014132105381134803,2.005618621030482,8.995214517780478e-06,0
39166,NAVSTAR 68 (USA 242),2026-07-06 09:00:45.244503,54.48224936345234,0.01415952022881042,2.005588421821976,-1.3921210643655368e-05,0
39166,NAVSTAR 68 (USA 242),2026-07-06 15:00:45.244503,54.48380244188648,0.01411828940856086,2.0055779619140215,-3.590011390221054e-05,0
39166,NAVSTAR 68 (USA 242),2026-07-06 21:00:45.244503,54.483297300517236,0.014134333026804842,2.0056784498302407,2.3886803774053745e-05,0
39166,NAVSTAR 68 (USA 242),2026-07-07 03:00:45.244503,54.48317025133057,0.014139892704101615,2.0055199124629195,-5.2793992398103975e-05,0
39166,NAVSTAR 68 (USA 242),2026-07-07 09:00:45.244503,54.48343128968917,0.014144908727233715,2.005774541346279,-0.00015491165323077447,0
39166,NAVSTAR 68 (USA 242),2026-07-07 15:00:45.244503,54.48361110593562,0.014139258839443409,2.00549082249177,8.305903272884446e-05,0
39166,NAVSTAR 68 (USA 242),2026-07-07 21:00:45.244503,54.482990509191175,0.014131453480068367,2.005549150548234,-1.9904050072859434e-05,0
39166,NAVSTAR 68 (USA 242),2026-07-08 03:00:45.244503,54.48367263907227,0.014142778240581355,2.005492863700112,3.9753764075843656e-05,0
39166,NAVSTAR 68 (USA 242),2026-07-08 09:00:45.244503,54.48243669026601,0.01413124564055372,2.005633649981076,-6.589456321948623e-05,0
39166,NAVSTAR 68 (USA 242),2026-07-08 15:00:45.244503,54.48300694141265,0.01411628024911461,2.0057298747540213,-5.2109531690988375e-05,0
39166,NAVSTAR 68 (USA 242),2026-07-08 21:00:45.244503,54.483082188830174,0.014148434504924699,2.0054936255918006,4.6189649434520756e-05,0
39166,NAVSTAR 68 (USA 242),2026-07-09 03:00:45.244503,54.48343814423661,0.014154701854479285,2.0057018147623866,-6.471097437207332e-05,0
39166,NAVSTAR 68 (USA 242),2026-07-09 09:00:45.244503,54.483312962730274,0.014132121462846535,2.0057275519823183,1.5553946683215026e-05,0
39166,NAVSTAR 68 (USA 242),2026-07-09 15:00:45.244503,54.48345789907431,0.014129177601104624,2.0056874658929815,2.2020026823864188e-05,0
39166,NAVSTAR 68 (USA 242),2026-07-09 21:00:45.244503,54.483789544755844,0.014147303103209904,2.005657333713888,-3.029983075958419e-05,0
39166,NAVSTAR 68 (USA 242),2026-07-10 03:00:45.244503,54.48261687767703,0.014133453330024692,2.0056225250095916,6.376964704750899e-05,0
39166,NAVSTAR 68 (USA 242),2026-07-10 09:00:45.244503,54.48289492227877,0.014123090607872054,2.0057439233016767,-4.253931606328016e-05,0
39166,NAVSTAR 68 (USA 242),2026-07-10 15:00:45.244503,54.482984404945626,0.014140006191366947,2.0055228814204042,1.2391226750263172e-05,0
39166,NAVSTAR 68 (USA 242),2026-07-10 21:00:45.244503,54.482841571211786,0.014139763512783099,2.005620719048201,-4.729702886175825e-06,0
39166,NAVSTAR 68 (USA 242),2026-07-11 03:00:45.244503,54.48322598395833,0.014119309328631239,2.0057440139918477,-5.197362550594036e-05,0
39166,NAVSTAR 68 (USA 242),2026-07-11 09:00:45.244503,54.483439445646,0.014137390146803305,2.005552036586213,-5.314527158648931e-06,0
39166,NAVSTAR 68 (USA 242),2026-07-11 15:00:45.244503,54.48275511329635,0.014152115239156536,2.005691384941604,-4.6083891724349335e-05,0
39166,NAVSTAR 68 (USA 242),2026-07-11 21:00:45.244503,54.48398783541034,0.014141699313389065,2.005620924501358,1.865514201868048e-05,0
39166,NAVSTAR 68 (USA 242),2026-07-12 03:00:45.244503,54.48277403857534,0.014147623452972574,2.00572274227137,5.549155633190899e-05,0
39166,NAVSTAR 68 (USA 242),2026-07-12 09:00:45.244503,54.482385948895704,0.01415944221111469,2.0058168278802975,9.016988381826782e-05,0
39166,NAVSTAR 68 (USA 242),2026-07-12 15:00:45.244503,54.483081567148865,0.014122280793475073,2.005705580494402,-1.0737697590187537e-05,0
39166,NAVSTAR 68 (USA 242),2026-07-12 21:00:45.244503,54.48307159822873,0.014152749468126264,2.005618865947189,5.2844239762614545e-05,0
39166,NAVSTAR 68 (USA 242),2026-07-13 03:00:45.244503,54.48331419919038,0.014142321159287485,2.005607348298481,2.364976493178509e-05,0
39166,NAVSTAR 68 (USA 242),2026-07-13 09:00:45.244503,54.48356626276869,0.014139305877920139,2.0056671579510152,-1.8165774631525838e-05,0
39166,NAVSTAR 68 (USA 242),2026-07-13 15:00:45.244503,54.48402951142453,0.014119025715930086,2.00554681691334,1.2110623821924475e-05,0
39166,NAVSTAR 68 (USA 242),2026-07-13 21:00:45.244503,54.48306955313879,0.014142694032016389,2.005609618199978,-3.772832258533356e-05,0
39166,NAVSTAR 68 (USA 242),2026-07-14 03:00:45.244503,54.482608428315096,0.014148611231058409,2.0054748486639107,4.24966382404909e-06,0
39166,NAVSTAR 68 (USA 242),2026-07-14 09:00:45.244503,54.483171188790465,0.014158144641073157,2.005656026895006,4.835850560390895e-05,0
39166,NAVSTAR 68 (USA 242),2026-07-14 15:00:45.244503,54.48321136536756,0.014149788883920919,2.0056065774876224,3.3967351486992074e-05,0
39166,NAVSTAR 68 (USA 242),2026-07-14 21:00:45.244503,54.48312905287262,0.014135789941451819,2.00561689111225,-4.414120145914926e-06,0
43013,NOAA 20 (JPSS-1),2026-06-15 03:00:45.244503,98.77677856999827,0.00021302502480751275,14.18727423206471,2.0086623648112343e-05,0
43013,NOAA 20 (JPSS-1),2026-06-15 09:00:45.244503,98.77717848378806,0.00020569113910290113,14.187453047751344,1.4398622010520408e-05,0
43013,NOAA 20 (JPSS-1),2026-06-15 15:00:45.244503,98.77765077817908,0.00021585302068889847,14.18755919226006,3.888661974680248e-05,0
43013,NOAA 20 (JPSS-1),2026-06-15 21:00:45.244503,98.7775813239356,0.00021562702108527358,14.187559363851749,2.6588910348664026e-05,0
43013,NOAA 20 (JPSS-1),2026-06-16 03:00:45.244503,98.77697274914259,0.00021092617649958042,14.18752135872914,8.452294941197291e-05,0
43013,NOAA 20 (JPSS-1),2026-06-16 09:00:45.244503,98.7767765760106,0.0002133984184555788,14.187479890631597,0.00012017553696566833,0
43013,NOAA 20 (JPSS-1),2026-06-16 15:00:45.244503,98.77772185646467,0.0002081278306678959,14.187859991286631,-3.8906660947740335e-05,0
43013,NOAA 20 (JPSS-1),2026-06-16 21:00:45.244503,98.77697292624508,0.00021722885417504076,14.18799090261272,2.0789390762448326e-05,0
43013,NOAA 20 (JPSS-1),2026-06-17 03:00:45.244503,98.7774499714346,0.00021263261952865088,14.187954211462891,0.00010156061276502367,0
43013,NOAA 20 (JPSS-1),2026-06-17 09:00:45.244503,98.77733527313494,0.00020786807445683764,14.187889157244676,9.980675094040689e-05,0
43013,NOAA 20 (JPSS-1),2026-06-17 15:00:45.244503,98.77675209323067,0.00020818781773477297,14.188015546984095,6.994821107497982e-05,0
43013,NOAA 20 (JPSS-1),2026-06-17 21:00:45.244503,98.77756469888774,0.00021303723150586755,14.188128722755732,-4.677298657217789e-05,0
43013,NOAA 20 (JPSS-1),2026-06-18 03:00:45.244503,98.776899660647,0.00021046552676316457,14.18821089720902,6.120297363196558e-05,0
43013,NOAA 20 (JPSS-1),2026-06-18 09:00:45.244503,98.77707926441693,0.00019959536891362104,14.188218233719406,6.989056319703596e-05,0
43013,NOAA 20 (JPSS-1),2026-06-18 15:00:45.244503,98.77738416655515,0.00017970838056228193,14.188134414407571,5.425427593034261e-05,0
43013,NOAA 20 (JPSS-1),2026-06-18 21:00:45.244503,98.77758109637965,0.00021985196807849852,14.188360841415387,5.544138589748626e-05,0
43013,NOAA 20 (JPSS-1),2026-06-19 03:00:45.244503,98.77723802427812,0.0001927086117110733,14.188548633623508,7.693920278093418e-05,0
43013,NOAA 20 (JPSS-1),2026-06-19 09:00:45.244503,98.77804274705915,0.00019546492271273205,14.188526775730335,3.948370838825505e-05,0
43013,NOAA 20 (JPSS-1),2026-06-19 15:00:45.244503,98.77821881830289,0.00021120196715094795,14.188360712290821,-2.6401956210221192e-06,0
43013,NOAA 20 (JPSS-1),2026-06-19 21:00:45.244503,98.77638050705296,0.0002018312777887797,14.188681290242975,2.872300876324183e-05,0
43013,NOAA 20 (JPSS-1),2026-06-20 03:00:45.244503,98.77685567560245,0.0002017395185997613,14.188622425343059,1.6901363777349003e-05,0
43013,NOAA 20 (JPSS-1),2026-06-20 09:00:45.244503,98.77772770079724,0.00018361104305025187,14.188534778069252,-3.388577013272723e-05,0
43013,NOAA 20 (JPSS-1),2026-06-20 15:00:45.244503,98.776986984351,0.00020588233560149555,14.188822351231243,4.3906867525124216e-05,0
43013,NOAA 20 (JPSS-1),2026-06-20 21:00:45.244503,98.7762621174133,0.00019637804684487632,14.188968306741007,9.449156810005077e-05,0
43013,NOAA 20 (JPSS-1),2026-06-21 03:00:45.244503,98.7775180831526,0.00020154968231356614,14.188855150629209,4.8528738483276924e-05,0
43013,NOAA 20 (JPSS-1),2026-06-21 09:00:45.244503,98.77617706888357,0.00019373613950418285,14.18904997620548,6.633395117793278e-05,0
43013,NOAA 20 (JPSS-1),2026-06-21 15:00:45.244503,98.77693018357124,0.00019268606732540617,14.189215650029222,-3.667722730520604e-05,0
43013,NOAA 20 (JPSS-1),2026-06-21 21:00:45.244503,98.77740813313802,0.00021041385776468687,14.189253764755497,7.39085259690117e-07,0
43013,NOAA 20 (JPSS-1),2026-06-22 03:00:45.244503,98.77699048224243,0.00020332237235022664,14.189183906000316,-1.439651488040083e-05,0
43013,NOAA 20 (JPSS-1),2026-06-22 09:00:45.244503,98.77662729680118,0.00021153745690828175,14.189236862706274,7.151374463184611e-05,0
43013,NOAA 20 (JPSS-1),2026-06-22 15:00:45.244503,98.77815742740688,0.00018284487771477357,14.189309588574554,-4.0303374540186534e-05,0
43013,NOAA 20 (JPSS-1),2026-06-22 21:00:45.244503,98.77763894574173,0.00019364201656762496,14.18927312468391,2.1472879567804696e-05,0
43013,NOAA 20 (JPSS-1),2026-06-23 03:00:45.244503,98.77726606626705,0.00020117414083540127,14.189355573739414,1.1380034272260829e-05,0
43013,NOAA 20 (JPSS-1),2026-06-23 09:00:45.244503,98.77802295184611,0.00018989428347998473,14.189434157806248,-1.2867106337992235e-05,0
43013,NOAA 20 (JPSS-1),2026-06-23 15:00:45.244503,98.77786133862668,0.0001849485534594909,14.189398302538349,4.104584707734443e-05,0
43013,NOAA 20 (JPSS-1),2026-06-23 21:00:45.244503,98.77715083227189,0.00018623388380025838,14.189734900654916,7.325991550576261e-05,0
43013,NOAA 20 (JPSS-1),2026-06-24 03:00:45.244503,98.7771866122083,0.00018356551652420894,14.189807503191265,8.26880337864799e-06,0
43013,NOAA 20 (JPSS-1),2026-06-24 09:00:45.244503,98.77761071222646,0.0001876287900995825,14.189952715210183,0.00010226964894497867,0
43013,NOAA 20 (JPSS-1),2026-06-24 15:00:45.244503,98.77792789095301,0.00018908131846718935,14.189783620488718,-4.443202642818916e-05,0
43013,NOAA 20 (JPSS-1),2026-06-24 21:00:45.244503,98.77710819361046,0.00018410802275099487,14.190098342417691,1.3770198065079054e-05,0
43013,NOAA 20 (JPSS-1),2026-06-25 03:00:45.244503,98.77798756090793,0.00017860800248305512,14.189932106476009,4.982597640953747e-05,0
43013,NOAA 20 (JPSS-1),2026-06-25 09:00:45.244503,98.77719611012319,0.00017266143242010586,14.189977283972919,0.00013982395088116552,0
43013,NOAA 20 (JPSS-1),2026-06-25 15:00:45.244503,98.77682455751015,0.00019875586690484295,14.190140333944527,-8.894540518010165e-05,0
43013,NOAA 20 (JPSS-1),2026-06-25 21:00:45.244503,98.77707853346763,0.00019050373949071526,14.190271812750547,7.099670054198855e-05,0
43013,NOAA 20 (JPSS-1),2026-06-26 03:00:45.244503,98.77681510452412,0.0001928767304940143,14.190136418594072,8.453379762577544e-05,0
43013,NOAA 20 (JPSS-1),2026-06-26 09:00:45.244503,98.77792834599843,0.00017613764516058344,14.190239534366787,0.0001021953221907219,0
43013,NOAA 20 (JPSS-1),2026-06-26 15:00:45.244503,98.77699468081472,0.00019712066869139393,14.190404979841862,2.9469308707702483e-05,0
43013,NOAA 20 (JPSS-1),2026-06-26 21:00:45.244503,98.77699423777484,0.00017123079286337985,14.190428900931984,-5.737519493017761e-05,0
43013,NOAA 20 (JPSS-1),2026-06-27 03:00:45.244503,98.77678473847337,0.00017045276321373028,14.19057545079891,2.1734245409178363e-06,0
43013,NOAA 20 (JPSS-1),2026-06-27 09:00:45.244503,98.77768787946589,0.00017445248645423214,14.190483454834032,7.6442815570399e-06,0
43013,NOAA 20 (JPSS-1),2026-06-27 15:00:45.244503,98.77661716119296,0.0001744003856585919,14.190426431377047,2.9230777461900343e-05,0
43013,NOAA 20 (JPSS-1),2026-06-27 21:00:45.244503,98.77716199417375,0.00016984304638623067,14.190667557434164,4.07010960203808e-05,0
43013,NOAA 20 (JPSS-1),2026-06-28 03:00:45.244503,98.77704809702486,0.00016780692798090804,14.190798162576552,-8.852844216142166e-07,0
43013,NOAA 20 (JPSS-1),2026-06-28 09:00:45.244503,98.77795975505175,0.0001988781622017476,14.190572804924676,4.015596979042039e-05,0
43013,NOAA 20 (JPSS-1),2026-06-28 15:00:45.244503,98.77664762718122,0.0001838831693656775,14.190836911950745,7.726901379973007e-05,0
43013,NOAA 20 (JPSS-1),2026-06-28 21:00:45.244503,98.77695142764283,0.00019311504112889952,14.191029940719202,5.581237658124629e-05,0
43013,NOAA 20 (JPSS-1),2026-06-29 03:00:45.244503,98.77724588249717,0.00016418099378147694,14.191131355762552,5.783635871179975e-06,0
43013,NOAA 20 (JPSS-1),2026-06-29 09:00:45.244503,98.7765599338389,0.00017132912929229476,14.191148683574323,7.87527186146795e-06,0
43013,NOAA 20 (JPSS-1),2026-06-29 15:00:45.244503,98.77692064021907,0.00016363751428320042,14.191195904305422,1.1666879550139401e-05,0
43013,NOAA 20 (JPSS-1),2026-06-29 21:00:45.244503,98.77756728270373,0.00020477774893705076,14.191074058578103,1.1500328237831987e-05,0
43013,NOAA 20 (JPSS-1),2026-06-30 03:00:45.244503,98.77731935623243,0.0001793324705274988,14.191169118581684,3.599330951626571e-05,0
43013,NOAA 20 (JPSS-1),2026-06-30 09:00:45.244503,98.77673004453003,0.000178975017721749,14.191303184968008,-3.0498314505405773e-05,0
43013,NOAA 20 (JPSS-1),2026-06-30 15:00:45.244503,98.77651215032729,0.0001690515999763651,14.191323489485022,-4.6463526327079534e-05,0
43013,NOAA 20 (JPSS-1),2026-06-30 21:00:45.244503,98.77685433476,0.0001922874726053081,14.191649226879061,4.082644491433e-05,0
43013,NOAA 20 (JPSS-1),2026-07-01 03:00:45.244503,98.7780556785987,0.00016797108066007188,14.191492877828317,-4.0487207168586174e-05,0
43013,NOAA 20 (JPSS-1),2026-07-01 09:00:45.244503,98.77723560026666,0.00018494792110483266,14.191527310285299,2.3264532555845888e-05,0
43013,NOAA 20 (JPSS-1),2026-07-01 15:00:45.244503,98.7769055184874,0.0001794998159848928,14.191655385158713,3.924682724866132e-05,0
43013,NOAA 20 (JPSS-1),2026-07-01 21:00:45.244503,98.77768961230466,0.00016139215273709134,14.191640465393903,-2.4087097059744805e-05,0
43013,NOAA 20 (JPSS-1),2026-07-02 03:00:45.244503,98.77758823255101,0.0001649116856829381,14.191780176161835,9.620254046860391e-05,0
43013,NOAA 20 (JPSS-1),2026-07-02 09:00:45.244503,98.77791808433595,0.00016329948794831036,14.191912705892618,-8.130955366354873e-06,0
43013,NOAA 20 (JPSS-1),2026-07-02 15:00:45.244503,98.77795900871317,0.00015167577179879579,14.192012074958853,6.97465406752056e-05,0
43013,NOAA 20 (JPSS-1),2026-07-02 21:00:45.244503,98.77790090737801,0.00017659226015895974,14.19210257368996,3.358103657534853e-05,0
43013,NOAA 20 (JPSS-1),2026-07-03 03:00:45.244503,98.77657400874202,0.0001959936064510269,14.192148594943236,2.2440779349324048e-05,0
43013,NOAA 20 (JPSS-1),2026-07-03 09:00:45.244503,98.77702932926077,0.00015290833547635386,14.19221338126112,8.614014230491705e-05,0
43013,NOAA 20 (JPSS-1),2026-07-03 15:00:45.244503,98.7775979225876,0.00015558497194661372,14.192110089784869,3.923004749541558e-05,0
43013,NOAA 20 (JPSS-1),2026-07-03 21:00:45.244503,98.77796580193088,0.00016741523862576804,14.192397110511797,-2.781674746020917e-05,0
43013,NOAA 20 (JPSS-1),2026-07-04 03:00:45.244503,98.77752203196354,0.00016636680862723428,14.192449994151339,2.669913785258889e-05,0
43013,NOAA 20 (JPSS-1),2026-07-04 09:00:45.244503,98.77757780219872,0.00017510911232689603,14.192276942471658,1.6904244202792326e-05,0
43013,NOAA 20 (JPSS-1),2026-07-04 15:00:45.244503,98.77694953286377,0.00017305975655682818,14.192588309943334,6.4689598636697515e-06,0
43013,NOAA 20 (JPSS-1),2026-07-04 21:00:45.244503,98.77789307362926,0.00015960493780000222,14.192415348236256,3.576676833324343e-05,0
43013,NOAA 20 (JPSS-1),2026-07-05 03:00:45.244503,98.77608243686076,0.0001530888996619957,14.192683320433858,4.223113356995663e-05,0
43013,NOAA 20 (JPSS-1),2026-07-05 09:00:45.244503,98.77743107356724,0.00015017525825099004,14.192697374853177,9.336730689743489e-05,0
43013,NOAA 20 (JPSS-1),2026-07-05 15:00:45.244503,98.77699978395604,0.00015847612975980786,14.192746442541692,4.209710584147553e-06,0
43013,NOAA 20 (JPSS-1),2026-07-05 21:00:45.244503,98.77788165178107,0.00014968297643013325,14.19296402741979,5.114332440100696e-05,0
43013,NOAA 20 (JPSS-1),2026-07-06 03:00:45.244503,98.77739253496564,0.00015211006035446573,14.192783630571272,-5.191738947804441e-05,0
43013,NOAA 20 (JPSS-1),2026-07-06 09:00:45.244503,98.77648249600274,0.00015312184340009953,14.192970777895193,-3.687194584811359e-05,0
43013,NOAA 20 (JPSS-1),2026-07-06 15:00:45.244503,98.77659428462871,0.00015527211521241665,14.193090885182356,0.00011722286364511768,0
43013,NOAA 20 (JPSS-1),2026-07-06 21:00:45.244503,98.77760284357853,0.00015373684976508305,14.193208916352873,-1.7244587624639763e-05,0
43013,NOAA 20 (JPSS-1),2026-07-07 03:00:45.244503,98.7768705187292,0.00016405674114078125,14.19322439522255,3.1781308756296334e-05,0
43013,NOAA 20 (JPSS-1),2026-07-07 09:00:45.244503,98.7765419473129,0.00015805045912743894,14.193362880306296,5.0636571126914954e-05,0
43013,NOAA 20 (JPSS-1),2026-07-07 15:00:45.244503,98.77692792966916,0.00014899680254470087,14.19322843144134,-7.06356855827347e-06,0
43013,NOAA 20 (JPSS-1),2026-07-07 21:00:45.244503,98.77741580163172,0.00014810739764335026,14.19341912989441,-1.0593772899465591e-05,0
43013,NOAA 20 (JPSS-1),2026-07-08 03:00:45.244503,98.77723286472926,0.00016926330144526326,14.193197303760854,-8.983862033940525e-06,0
43013,NOAA 20 (JPSS-1),2026-07-08 09:00:45.244503,98.77797983087092,0.00016654748381454576,14.193368481441029,-1.6925260407954455e-05,0
43013,NOAA 20 (JPSS-1),2026-07-08 15:00:45.244503,98.7777158082926,0.00015713391471308222,14.19353532853991,4.27986674878095e-05,0
43013,NOAA 20 (JPSS-1),2026-07-08 21:00:45.244503,98.77715594639331,0.00015982489060885306,14.193392388236255,-2.1072855644581817e-05,0
43013,NOAA 20 (JPSS-1),2026-07-09 03:00:45.244503,98.77767941417353,0.00014828649229859552,14.19365943290828,6.652668238057646e-05,0
43013,NOAA 20 (JPSS-1),2026-07-09 09:00:45.244503,98.77703634160156,0.00015802586982754572,14.193558806179796,2.1153062682425425e-05,0
43013,NOAA 20 (JPSS-1),2026-07-09 15:00:45.244503,98.77627616163277,0.0001531521902018715,14.19376221960583,-1.6904135685251764e-05,0
43013,NOAA 20 (JPSS-1),2026-07-09 21:00:45.244503,98.77760572381055,0.00014659716326806307,14.193897215740314,0.00014796502559309032,0
43013,NOAA 20 (JPSS-1),2026-07-10 03:00:45.244503,98.77741840078029,0.0001525760065121028,14.194037026114879,-8.684684072178119e-05,0
43013,NOAA 20 (JPSS-1),2026-07-10 09:00:45.244503,98.77722485474978,0.00016037554674907875,14.1939257940883,3.0054341348726222e-06,0
43013,NOAA 20 (JPSS-1),2026-07-10 15:00:45.244503,98.77833720869364,0.0001419372475139981,14.194101380204101,7.019194042784957e-05,0
43013,NOAA 20 (JPSS-1),2026-07-10 21:00:45.244503,98.77696281115132,0.00015514202822961004,14.194094786172707,3.572228244151014e-05,0
43013,NOAA 20 (JPSS-1),2026-07-11 03:00:45.244503,98.77662400348052,0.0001734994988597888,14.194118618672384,2.3064186565945013e-05,0
43013,NOAA 20 (JPSS-1),2026-07-11 09:00:45.244503,98.77811166896971,0.00014350596617302506,14.194149409764627,8.605062519648655e-05,0
43013,NOAA 20 (JPSS-1),2026-07-11 15:00:45.244503,98.77689889741491,0.00013254250806550038,14.194462030643512,-2.5031401968162062e-05,0
43013,NOAA 20 (JPSS-1),2026-07-11 21:00:45.244503,98.77654095524308,0.00013873901443026382,14.194131539730815,8.527094709764643e-05,0
43013,NOAA 20 (JPSS-1),2026-07-12 03:00:45.244503,98.77731689135473,0.00015536386914164914,14.194372988870034,0.00010577971034898403,0
43013,NOAA 20 (JPSS-1),2026-07-12 09:00:45.244503,98.77705518017055,0.00014507503607082386,14.194601037606057,-3.328223137217942e-05,0
43013,NOAA 20 (JPSS-1),2026-07-12 15:00:45.244503,98.77678375338496,0.00015994114023895145,14.194681041831819,-2.3182703435379074e-05,0
43013,NOAA 20 (JPSS-1),2026-07-12 21:00:45.244503,98.77782256894822,0.00013960559131602571,14.194610708999974,6.618418519968187e-05,0
43013,NOAA 20 (JPSS-1),2026-07-13 03:00:45.244503,98.77671132465701,0.00014293986114632146,14.194767748555133,4.48805334848599e-05,0
43013,NOAA 20 (JPSS-1),2026-07-13 09:00:45.244503,98.77615621869701,0.00013912428048653771,14.194871809447074,1.5235874184059305e-05,0
43013,NOAA 20 (JPSS-1),2026-07-13 15:00:45.244503,98.77740161002613,0.00011973718507332562,14.194710125515009,5.781136973438337e-06,0
43013,NOAA 20 (JPSS-1),2026-07-13 21:00:45.244503,98.77747430607882,0.0001463591553703647,14.194885379172717,1.0773722771927666e-05,0
43013,NOAA 20 (JPSS-1),2026-07-14 03:00:45.244503,98.77672197044939,0.00014603532509624423,14.195048622042863,3.10942770340623e-05,0
43013,NOAA 20 (JPSS-1),2026-07-14 09:00:45.244503,98.77840086377013,0.000140113839262248,14.195009524834669,0.00010279030597293507,0
43013,NOAA 20 (JPSS-1),2026-07-14 15:00:45.244503,98.777489354218,0.0001473172004403467,14.195273616193502,2.875693565840483e-05,0
43013,NOAA 20 (JPSS-1),2026-07-14 21:00:45.244503,98.77768074471071,0.0001384292053952782,14.195178475774355,-6.0891138093668774e-05,0
43603,BEIDOU-3 M11,2026-06-15 03:00:45.244503,54.1791897562445,0.0004594476973335361,1.8622949075053101,6.806365783067032e-05,0
43603,BEIDOU-3 M11,2026-06-15 09:00:45.244503,54.18023322395194,0.00047051763429616653,1.8622297033701531,1.9861919296963776e-07,0
43603,BEIDOU-3 M11,2026-06-15 15:00:45.244503,54.17918591127828,0.00047999780211160556,1.8622591426112474,-2.4605100268450558e-05,0
43603,BEIDOU-3 M11,2026-06-15 21:00:45.244503,54.17899329273195,0.00044367099379158533,1.8622177370500868,1.019284982008782e-05,0
43603,BEIDOU-3 M11,2026-06-16 03:00:45.244503,54.178841952060104,0.0004544097281130857,1.8623640731258695,-5.3924592286908016e-05,0
43603,BEIDOU-3 M11,2026-06-16 09:00:45.244503,54.178814697353594,0.00045430124524102595,1.8623344146063472,-3.7793406043060295e-05,0
43603,BEIDOU-3 M11,2026-06-16 15:00:45.244503,54.179494542147665,0.0004528970531364899,1.862241491475979,5.057098444748583e-06,0
43603,BEIDOU-3 M11,2026-06-16 21:00:45.244503,54.17877348171967,0.0004647294284936163,1.8623723807377601,-2.751894674063892e-05,0
43603,BEIDOU-3 M11,2026-06-17 03:00:45.244503,54.17926937167842,0.00046231651820940204,1.8622597119566824,8.363464527746196e-05,0
43603,BEIDOU-3 M11,2026-06-17 09:00:45.244503,54.17938468469025,0.00045714211822391125,1.8622953342188484,-6.657680606221718e-05,0
43603,BEIDOU-3 M11,2026-06-17 15:00:45.244503,54.17887241366781,0.00046976504327142727,1.8623033033881267,1.0890119314687065e-05,0
43603,BEIDOU-3 M11,2026-06-17 21:00:45.244503,54.179359868686795,0.00046984677171026346,1.8621783417242246,-4.069409920201887e-05,0
43603,BEIDOU-3 M11,2026-06-18 03:00:45.244503,54.177703030866724,0.0004649829556251974,1.8621693991133677,9.798700001111383e-06,0
43603,BEIDOU-3 M11,2026-06-18 09:00:45.244503,54.179145578528875,0.00045537264005034796,1.8623416915675837,4.3204228013864756e-05,0
43603,BEIDOU-3 M11,2026-06-18 15:00:45.244503,54.17860311308928,0.00045469677282556313,1.862322149476098,5.026351147386031e-05,0
43603,BEIDOU-3 M11,2026-06-18 21:00:45.244503,54.178880408244794,0.00044732171128100245,1.8622219045251638,-6.171323800077218e-05,0
43603,BEIDOU-3 M11,2026-06-19 03:00:45.244503,54.17969964347978,0.0004573305726372226,1.8621921787955724,2.2369058582402223e-05,0
43603,BEIDOU-3 M11,2026-06-19 09:00:45.244503,54.17840227562131,0.0004582390473705046,1.8623865520772631,-1.1567070010113724e-05,0
43603,BEIDOU-3 M11,2026-06-19 15:00:45.244503,54.17945624015208,0.0004759433758453757,1.8622415798603282,-1.578408562961902e-05,0
43603,BEIDOU-3 M11,2026-06-19 21:00:45.244503,54.17925213610222,0.0004618807341762364,1.8622119916257742,7.76459657124286e-06,0
43603,BEIDOU-3 M11,2026-06-20 03:00:45.244503,54.17853335453447,0.0004660366215139144,1.8619862729794805,0.00010356584477448847,0
43603,BEIDOU-3 M11,2026-06-20 09:00:45.244503,54.17939414792424,0.0004537074420474707,1.86247457390967,5.897368591981841e-06,0
43603,BEIDOU-3 M11,2026-06-20 15:00:45.244503,54.179373130532525,0.0004522416469333118,1.8621061445957006,8.379404371493154e-07,0
43603,BEIDOU-3 M11,2026-06-20 21:00:45.244503,54.17881431743177,0.00045868834249324124,1.8622897899244253,1.9020997605064726e-05,0
43603,BEIDOU-3 M11,2026-06-21 03:00:45.244503,54.17878816329837,0.0004485247587891701,1.862377811451088,2.189725793860752e-05,0
43603,BEIDOU-3 M11,2026-06-21 09:00:45.244503,54.17901833191666,0.000449259550517971,1.8623650045735471,5.3645371504675044e-05,0
43603,BEIDOU-3 M11,2026-06-21 15:00:45.244503,54.17923004362122,0.0004699353719019002,1.862257183323824,-4.5910548874742544e-05,0
43603,BEIDOU-3 M11,2026-06-21 21:00:45.244503,54.17842661890158,0.0004566323366782767,1.8622845542335313,-1.5189500316391721e-05,0
43603,BEIDOU-3 M11,2026-06-22 03:00:45.244503,54.17843521895494,0.00045758240593393983,1.8622673304649255,-4.519697190410014e-05,0
43603,BEIDOU-3 M11,2026-06-22 09:00:45.244503,54.17880905898211,0.0004529952039483622,1.862248113382887,3.4808587121643976e-05,0
43603,BEIDOU-3 M11,2026-06-22 15:00:45.244503,54.17870194733845,0.00046452293834792094,1.8623907285906371,-3.471415240417143e-05,0
43603,BEIDOU-3 M11,2026-06-22 21:00:45.244503,54.17857273351052,0.00045119262474313835,1.8622485891554554,5.833437720957016e-05,0
43603,BEIDOU-3 M11,2026-06-23 03:00:45.244503,54.17849194216167,0.00046418148670686506,1.8623566506961569,-2.745880209762628e-05,0
43603,BEIDOU-3 M11,2026-06-23 09:00:45.244503,54.1785830503632,0.0004565420023591912,1.8622790280344046,-2.683568635738513e-05,0
43603,BEIDOU-3 M11,2026-06-23 15:00:45.244503,54.179076097582495,0.00047449994389877,1.8622990023673627,5.350148870359794e-05,0
43603,BEIDOU-3 M11,2026-06-23 21:00:45.244503,54.178627169623,0.0004630490288172391,1.8622285610863818,-6.308664861484194e-05,0
43603,BEIDOU-3 M11,2026-06-24 03:00:45.244503,54.1788792667337,0.0004655073660267289,1.8622022567757404,-1.8399659880208067e-05,0
43603,BEIDOU-3 M11,2026-06-24 09:00:45.244503,54.177536233805014,0.0004825965454059916,1.8623941398698016,6.978510946260009e-05,0
43603,BEIDOU-3 M11,2026-06-24 15:00:45.244503,54.17819216043159,0.00047716746141643763,1.8623355495666158,1.103172839853047e-05,0
43603,BEIDOU-3 M11,2026-06-24 21:00:45.244503,54.17933067184222,0.00045740726856769896,1.8623399403767316,-9.06232480354481e-05,0
43603,BEIDOU-3 M11,2026-06-25 03:00:45.244503,54.178072506650544,0.00046107678045651505,1.8622185345880584,-7.517337242679454e-05,0
43603,BEIDOU-3 M11,2026-06-25 09:00:45.244503,54.17945586038091,0.0004575184760398348,1.8623714926139345,5.097842373044378e-05,0
43603,BEIDOU-3 M11,2026-06-25 15:00:45.244503,54.17910710944926,0.0004576563307296668,1.8622380683592505,3.341378987980668e-05,0
43603,BEIDOU-3 M11,2026-06-25 21:00:45.244503,54.17852431787518,0.00044338714331432834,1.8621515037030485,-2.969898480739005e-05,0
43603,BEIDOU-3 M11,2026-06-26 03:00:45.244503,54.178834819899876,0.00046853702053226316,1.862394001122899,4.247668069579185e-05,0
43603,BEIDOU-3 M11,2026-06-26 09:00:45.244503,54.17834600538481,0.000450341970707613,1.8622178295325948,5.888688984986043e-05,0
43603,BEIDOU-3 M11,2026-06-26 15:00:45.244503,54.17984883487733,0.0004776189425914534,1.8622496729089335,2.7738837791051417e-06,0
43603,BEIDOU-3 M11,2026-06-26 21:00:45.244503,54.17859469715891,0.00046642380749419335,1.862136849021589,-2.697340932574724e-05,0
43603,BEIDOU-3 M11,2026-06-27 03:00:45.244503,54.179402041400046,0.00047417549382194386,1.8624481973245006,-0.0001139379424752123,0
43603,BEIDOU-3 M11,2026-06-27 09:00:45.244503,54.17862932992228,0.00045637232395554265,1.8625026922954637,-7.914897304950297e-05,0
43603,BEIDOU-3 M11,2026-06-27 15:00:45.244503,54.17876908987558,0.0004895577318947058,1.8623633599273486,-3.467344543514883e-05,0
43603,BEIDOU-3 M11,2026-06-27 21:00:45.244503,54.17890018044479,0.00046018868698239284,1.862478107514247,-7.086255065210013e-05,0
43603,BEIDOU-3 M11,2026-06-28 03:00:45.244503,54.17919278688548,0.00046092437103390307,1.8623580923984788,-2.2753375885675095e-05,0
43603,BEIDOU-3 M11,2026-06-28 09:00:45.244503,54.1790523223252,0.0004585734529162484,1.8621608379324666,4.540903023910716e-05,0
43603,BEIDOU-3 M11,2026-06-28 15:00:45.244503,54.17898282193385,0.000474186439538769,1.8621794365249529,-6.629061325067916e-05,0
43603,BEIDOU-3 M11,2026-06-28 21:00:45.244503,54.17923666785509,0.0004495367462309051,1.8623891394968177,1.8449741189404542e-05,0
43603,BEIDOU-3 M11,2026-06-29 03:00:45.244503,54.17910393255139,0.0004561904805607717,1.8622040379678206,4.436643406552991e-05,0
43603,BEIDOU-3 M11,2026-06-29 09:00:45.244503,54.179696036389494,0.00046845778936253403,1.8623764456098304,-4.63730373333999e-05,0
43603,BEIDOU-3 M11,2026-06-29 15:00:45.244503,54.17976643542381,0.0004518327399699603,1.8622078623865115,-2.928913953202887e-05,0
43603,BEIDOU-3 M11,2026-06-29 21:00:45.244503,54.17888891998943,0.0004257247323437426,1.8623077560402026,-9.039733367406884e-05,0
43603,BEIDOU-3 M11,2026-06-30 03:00:45.244503,54.17924611020858,0.000457389328934138,1.8622346484260948,-6.995752875580612e-05,0
43603,BEIDOU-3 M11,2026-06-30 09:00:45.244503,54.17898643598141,0.00046631477741600566,1.8623169319260802,4.7436516476510415e-05,0
43603,BEIDOU-3 M11,2026-06-30 15:00:45.244503,54.17769783855448,0.0004686125386103842,1.8623810575582362,1.772740803356866e-05,0
43603,BEIDOU-3 M11,2026-06-30 21:00:45.244503,54.17980855509977,0.00047306600535106964,1.862336379110758,-8.159610385852572e-06,0
43603,BEIDOU-3 M11,2026-07-01 03:00:45.244503,54.178970006961634,0.0004542980358961157,1.8621278845796192,-9.93982103876318e-06,0
43603,BEIDOU-3 M11,2026-07-01 09:00:45.244503,54.1795128452566,0.00046856871403508295,1.862403203684809,6.809194517369141e-05,0
43603,BEIDOU-3 M11,2026-07-01 15:00:45.244503,54.1796991714974,0.0004624283542184581,1.8620932474982543,4.2433979715661e-06,0
43603,BEIDOU-3 M11,2026-07-01 21:00:45.244503,54.17882499993821,0.0004608179417811479,1.862293609199826,-2.8302840202525522e-05,0
43603,BEIDOU-3 M11,2026-07-02 03:00:45.244503,54.17876277362082,0.0004580882783989595,1.862373070910695,-5.035362307911977e-05,0
43603,BEIDOU-3 M11,2026-07-02 09:00:45.244503,54.178411562816876,0.0004673546706870006,1.8621655222118452,1.1963166666161736e-05,0
43603,BEIDOU-3 M11,2026-07-02 15:00:45.244503,54.17999855117958,0.00047322216150786256,1.8623588326685658,5.160455996283198e-05,0
43603,BEIDOU-3 M11,2026-07-02 21:00:45.244503,54.17973567703147,0.0004515303284140402,1.8621996108524026,-1.807917458350057e-05,0
43603,BEIDOU-3 M11,2026-07-03 03:00:45.244503,54.17875208119073,0.00045606721400698173,1.8621709731025704,-1.1256695365507181e-05,0
43603,BEIDOU-3 M11,2026-07-03 09:00:45.244503,54.1788282148403,0.0004616857374287744,1.8622288504653006,-4.152941262057615e-05,0
43603,BEIDOU-3 M11,2026-07-03 15:00:45.244503,54.18004802651825,0.0004568439491227118,1.8624202683459161,-5.7996534879639595e-05,0
43603,BEIDOU-3 M11,2026-07-03 21:00:45.244503,54.178738640531506,0.0004669700233959576,1.8623194431128927,-0.0001070042126516346,0
43603,BEIDOU-3 M11,2026-07-04 03:00:45.244503,54.17865591921771,0.0004603386946546176,1.8624063616794464,2.6128432115700292e-05,0
43603,BEIDOU-3 M11,2026-07-04 09:00:45.244503,54.17854777432735,0.0004582955559937926,1.862346826069905,-4.0277479378612246e-05,0
43603,BEIDOU-3 M11,2026-07-04 15:00:45.244503,54.17905905673195,0.000456110009271968,1.862458444653146,4.174776686439939e-05,0
43603,BEIDOU-3 M11,2026-07-04 21:00:45.244503,54.17935633744246,0.0004538782516671325,1.8623857218072373,4.800081509118787e-05,0
43603,BEIDOU-3 M11,2026-07-05 03:00:45.244503,54.17916612895075,0.00046567871640537125,1.8623760082810539,7.428150971887805e-06,0
43603,BEIDOU-3 M11,2026-07-05 09:00:45.244503,54.17812423753307,0.00045368717572412235,1.8622364378345015,-2.2723408291739847e-05,0
43603,BEIDOU-3 M11,2026-07-05 15:00:45.244503,54.1802124380346,0.00045848745270986405,1.8623892168856595,0.00011391261542032256,0
43603,BEIDOU-3 M11,2026-07-05 21:00:45.244503,54.17893697344156,0.00045705028623282707,1.8621878924856599,2.1123135569962803e-06,0
43603,BEIDOU-3 M11,2026-07-06 03:00:45.244503,54.17867284107964,0.0004679312963293543,1.8623706402785347,3.99913373438874e-05,0
43603,BEIDOU-3 M11,2026-07-06 09:00:45.244503,54.17864305844045,0.0004599950461989744,1.8622820579192971,-9.077710873616809e-05,0
43603,BEIDOU-3 M11,2026-07-06 15:00:45.244503,54.17955636041086,0.0004477419026085898,1.8621062910130617,-1.2811993322535645e-05,0
43603,BEIDOU-3 M11,2026-07-06 21:00:45.244503,54.17866394907868,0.0004471034801566708,1.8623557878535435,-3.6452900583685374e-05,0
43603,BEIDOU-3 M11,2026-07-07 03:00:45.244503,54.17940807041026,0.000457531981777181,1.8621794196105381,-8.381473134796883e-06,0
43603,BEIDOU-3 M11,2026-07-07 09:00:45.244503,54.17950596372865,0.0004450379978713217,1.8623780542844672,-3.533267722604121e-06,0
43603,BEIDOU-3 M11,2026-07-07 15:00:45.244503,54.17854234449588,0.00047451960179031643,1.862257406910993,8.746796162112132e-05,0
43603,BEIDOU-3 M11,2026-07-07 21:00:45.244503,54.17949130329379,0.00045688144231759484,1.862029984920146,4.930887769173222e-05,0
43603,BEIDOU-3 M11,2026-07-08 03:00:45.244503,54.17936382730596,0.0004503868844464745,1.8622750501249727,8.713529864521186e-06,0
43603,BEIDOU-3 M11,2026-07-08 09:00:45.244503,54.17829629051726,0.0004557669052860454,1.8622061876911,7.043081529262676e-05,0
43603,BEIDOU-3 M11,2026-07-08 15:00:45.244503,54.17949804474249,0.0004504238044912481,1.8622579966332817,2.146930694398548e-05,0
43603,BEIDOU-3 M11,2026-07-08 21:00:45.244503,54.1794812692538,0.00046446841032582047,1.8622793781291331,1.4813778177721893e-05,0
43603,BEIDOU-3 M11,2026-07-09 03:00:45.244503,54.17878278246201,0.0004771478890034537,1.862169457115811,4.418223188940158e-05,0
43603,BEIDOU-3 M11,2026-07-09 09:00:45.244503,54.179225155274445,0.0004637113650320352,1.8623531719244917,4.342633031511221e-05,0
43603,BEIDOU-3 M11,2026-07-09 15:00:45.244503,54.17941325300063,0.00046153291703175745,1.862274199782735,-7.452960536302085e-05,0
43603,BEIDOU-3 M11,2026-07-09 21:00:45.244503,54.17897809745687,0.0004556227590421287,1.8623828372809543,-1.526747140685575e-05,0
43603,BEIDOU-3 M11,2026-07-10 03:00:45.244503,54.179888871270045,0.0004600625409117199,1.8625127087058346,9.829865943918593e-06,0
43603,BEIDOU-3 M11,2026-07-10 09:00:45.244503,54.179185544578004,0.0004665607044630608,1.8623764652618082,4.892921382998172e-06,0
43603,BEIDOU-3 M11,2026-07-10 15:00:45.244503,54.17891606057934,0.00045148815968594464,1.862168215527525,3.361336861762072e-05,0
43603,BEIDOU-3 M11,2026-07-10 21:00:45.244503,54.178670341167546,0.00045829443119249657,1.8623304806035745,-3.774681054096541e-05,0
43603,BEIDOU-3 M11,2026-07-11 03:00:45.244503,54.17914831906763,0.0004555519064879582,1.8622488522863896,5.370444904423736e-05,0
43603,BEIDOU-3 M11,2026-07-11 09:00:45.244503,54.17888856164297,0.0004550669365810332,1.8623484972590056,3.935659639707351e-05,0
43603,BEIDOU-3 M11,2026-07-11 15:00:45.244503,54.17868279698835,0.0004567252184414477,1.8622314522275563,-4.706919520092222e-05,0
43603,BEIDOU-3 M11,2026-07-11 21:00:45.244503,54.179575843511984,0.00046847426892707074,1.8622982685824412,-1.2636949341139458e-05,0
43603,BEIDOU-3 M11,2026-07-12 03:00:45.244503,54.17888603681,0.00046347147500761806,1.862321779129893,-1.4997443039978235e-05,0
43603,BEIDOU-3 M11,2026-07-12 09:00:45.244503,54.17839279485621,0.00044794411422340177,1.862376039030004,-3.313717432681617e-05,0
43603,BEIDOU-3 M11,2026-07-12 15:00:45.244503,54.179275374317605,0.00045477693607868445,1.8624632117491606,5.114779663568634e-06,0
43603,BEIDOU-3 M11,2026-07-12 21:00:45.244503,54.17913034379194,0.00045134077193875597,1.8621884400671815,2.6119440425128227e-05,0
43603,BEIDOU-3 M11,2026-07-13 03:00:45.244503,54.17813049075009,0.00046262097567814213,1.8622961502608628,-2.6176582653433047e-05,0
43603,BEIDOU-3 M11,2026-07-13 09:00:45.244503,54.17957957853784,0.00045689858668793105,1.8622288387563326,-5.7232234812463714e-05,0
43603,BEIDOU-3 M11,2026-07-13 15:00:45.244503,54.17865423323389,0.0004675458801918768,1.8622316225198365,2.566433342779772e-05,0
43603,BEIDOU-3 M11,2026-07-13 21:00:45.244503,54.17847585567543,0.00045373558984515203,1.8622222200768208,-9.091058810710827e-05,0
43603,BEIDOU-3 M11,2026-07-14 03:00:45.244503,54.17838901661318,0.00045085101872738726,1.8622397974480527,4.140487716940818e-05,0
43603,BEIDOU-3 M11,2026-07-14 09:00:45.244503,54.17960484403007,0.0004400439829477149,1.8622494668917775,0.00014316278143502724,0
43603,BEIDOU-3 M11,2026-07-14 15:00:45.244503,54.178937798339426,0.0004701152136526458,1.8622238310360884,4.7270358548337186e-05,0
43603,BEIDOU-3 M11,2026-07-14 21:00:45.244503,54.17785801457761,0.0004544272291623759,1.862198168405001,-4.435511197630397e-05,0
